{"name":"351e3ef4-f4e3-421b-a3da-43f703259bab","id":"/providers/Microsoft.Flow/flows/351e3ef4-f4e3-421b-a3da-43f703259bab","type":"Microsoft.Flow/flows","properties":{"apiId":"/providers/Microsoft.PowerApps/apis/shared_logicflows","displayName":"BOTH_CREATE_UPDATE_SP_ITEMS_BATCH_POC_CSV","definition":{"metadata":{"workflowEntityId":null,"processAdvisorMetadata":null,"flowChargedByPaygo":null,"flowclientsuspensionreason":"None","flowclientsuspensiontime":null,"flowclientsuspensionreasondetails":null,"creator":{"id":"1e6707fa-51fb-4092-b52e-4fed0e789f83","type":"User","tenantId":"db1e96a8-a3da-442a-930b-235cac24cd5c"},"provisioningMethod":"FromDefinition","failureAlertSubscription":true,"clientLastModifiedTime":"2024-11-19T07:45:57.2442151Z","connectionKeySavedTimeKey":"2024-11-19T07:45:57.2442151Z"},"$schema":"https://schema.management.azure.com/providers/Microsoft.Logic/schemas/2016-06-01/workflowdefinition.json#","contentVersion":"1.0.0.0","parameters":{"$connections":{"defaultValue":{},"type":"Object"},"$authentication":{"defaultValue":{},"type":"SecureObject"}},"triggers":{"manual":{"metadata":{"operationMetadataId":"1a5d80a2-86ad-48fa-b2b6-0f3c23cac113"},"type":"Request","kind":"Button","inputs":{"schema":{"type":"object","properties":{"file":{"title":"File Content","type":"object","x-ms-dynamically-added":true,"description":"Please select file or image","x-ms-content-hint":"FILE","properties":{"name":{"type":"string"},"contentBytes":{"type":"string","format":"byte"}}},"number":{"title":"Number","type":"number","x-ms-dynamically-added":true,"description":"Please enter a number","x-ms-content-hint":"NUMBER"},"number_1":{"title":"Number 1","type":"number","x-ms-dynamically-added":true,"description":"Please enter a number","x-ms-content-hint":"NUMBER"}},"required":["number","number_1"]}}}},"actions":{"CSV":{"runAfter":{},"metadata":{"operationMetadataId":"53f31c77-d112-4210-bb8c-844a2c3ac256"},"type":"Compose","inputs":"@base64ToString(triggerBody()['file']['contentBytes'])"},"Compose_3":{"runAfter":{"Initialize_variable":["Succeeded"]},"metadata":{"operationMetadataId":"1e1815b4-0119-48f5-91ee-4626fac32e7a"},"type":"Compose","inputs":"@skip(split(outputs('CSV'), decodeUriComponent('%0D%0A')), 1)"},"Initialize_variable_LoopControl":{"runAfter":{"Filter_Array":["Succeeded"]},"metadata":{"operationMetadataId":"afbf8985-cea5-4641-9197-ec65a3bd2196"},"type":"InitializeVariable","inputs":{"variables":[{"name":"LoopControl","type":"integer","value":-1}]}},"settings":{"runAfter":{"Initialize_variable_2":["Succeeded"]},"trackedProperties":{"meta":{"type":"SP.Data.@{outputs('settings')?['listName']}ListItem"},"batchGUID":"@{guid()}","changeSetGUID":"@{guid()}"},"metadata":{"operationMetadataId":"596c0566-dcae-4d80-b5a6-fd63bd35b95f"},"type":"Compose","inputs":{"siteAddress":"https://eu001-sp.shell.com/sites/SPO003485/","listName":"TEST_POC","batchSize":1000},"description":"list to batch create items from"},"Get_items":{"runAfter":{"settings":["Succeeded"]},"metadata":{"operationMetadataId":"d7e3703c-f254-4aae-ba34-67e4afb0d72c"},"type":"OpenApiConnection","inputs":{"host":{"apiId":"/providers/Microsoft.PowerApps/apis/shared_sharepointonline","connectionName":"shared_sharepointonline","operationId":"GetItems"},"parameters":{"dataset":"https://eu001-sp.shell.com/sites/SPO003485","table":"bf6d31c4-db6a-40c0-a284-51ab7d3e9551","$filter":"ID eq '@{triggerBody()['number']}'"},"authentication":{"value":"@json(decodeBase64(triggerOutputs().headers['X-MS-APIM-Tokens']))['$ConnectionKey']","type":"Raw"}}},"Initialize_variable_GetItems":{"runAfter":{"Initialize_variable_LoopControl":["Succeeded"]},"metadata":{"operationMetadataId":"d77903ca-7a6b-4e24-8b28-41b98c655080"},"type":"InitializeVariable","inputs":{"variables":[{"name":"GetItems","type":"array","value":[]}]}},"Create_SharePoint_Items":{"actions":{"settings_2":{"runAfter":{},"trackedProperties":{"meta":{"type":"SP.Data.@{outputs('settings_2')?['listName']}ListItem"},"batchGUID":"@{guid()}","changeSetGUID":"@{guid()}"},"metadata":{"operationMetadataId":"30aa179f-2f37-4e9c-9b30-5961726bfba2"},"type":"Compose","inputs":{"siteAddress":"https://eu001-sp.shell.com/sites/SPO003485/","listName":"TEST_POC","batchSize":1000},"description":"list to batch delete items from"},"batchTemplate":{"runAfter":{"GenerateSPData":["Succeeded"]},"metadata":{"operationMetadataId":"86eacd3c-f1c9-483a-b1d2-9b7d5b7ad2b4"},"type":"Compose","inputs":"--changeset_@{actions('settings_2')?['trackedProperties']['changeSetGUID']}\nContent-Type: application/http\nContent-Transfer-Encoding: binary\n\nPOST @{outputs('settings_2')['siteAddress']}_api/web/lists/getByTitle('@{outputs('settings_2')['listName']}')/items HTTP/1.1\nContent-Type: application/json;odata=verbose\n\n|RowData|\n"},"Do_until":{"actions":{"Select":{"runAfter":{},"metadata":{"operationMetadataId":"8fcfcefb-6f48-44a2-b7dd-6dfbb0370985"},"type":"Select","inputs":{"from":"@take(skip(body('GenerateSPData'), mul(outputs('settings_2')['batchSize'], iterationIndexes('Do_until'))), outputs('settings_2')['batchSize'])","select":"@replace(outputs('batchTemplate'), '|RowData|', string(item()))"}},"Set_variable":{"runAfter":{"Select":["Succeeded"]},"metadata":{"operationMetadataId":"beab43fa-ed55-40bc-bfdb-13ac5164e808"},"type":"SetVariable","inputs":{"name":"LoopControl","value":"@length(body('Select'))"}},"batchData":{"runAfter":{"Set_variable":["Succeeded"]},"metadata":{"operationMetadataId":"32b2e20e-22f7-4150-8150-c45f2f452b3e"},"type":"Compose","inputs":"@join(body('Select'), decodeUriComponent('%0A'))"},"SendBatch":{"runAfter":{"batchData":["Succeeded"]},"limit":{"timeout":"P1D"},"metadata":{"flowSystemMetadata":{"swaggerOperationId":"HttpRequest"},"operationMetadataId":"87171e01-4d45-4855-a3ac-f35120367e01"},"type":"ApiConnection","inputs":{"host":{"connection":{"name":"@json(decodeBase64(triggerOutputs().headers['X-MS-APIM-Tokens']))['$connections']['shared_sharepointonline']['connectionId']"},"api":{"runtimeUrl":"https://flow-apim-europe-002-northeurope-01.azure-apim.net/apim/sharepointonline"}},"method":"post","body":{"method":"POST","uri":"/_api/$batch","headers":{"X-RequestDigest":"digest","Content-Type":"multipart/mixed;boundary=batch_@{actions('settings_2')?['trackedProperties']['batchGUID']}"},"body":"--batch_@{actions('settings_2')?['trackedProperties']['batchGUID']}\nContent-Type: multipart/mixed; boundary=\"changeset_@{actions('settings_2')?['trackedProperties']['changeSetGUID']}\"\nContent-Length: @{length(outputs('batchData'))}\nContent-Transfer-Encoding: binary\n\n@{outputs('batchData')}\n--changeset_@{actions('settings_2')?['trackedProperties']['changeSetGUID']}--\n\n--batch_@{actions('settings_2')?['trackedProperties']['batchGUID']}--"},"path":"/datasets/@{encodeURIComponent(encodeURIComponent(outputs('settings_2')['siteAddress']))}/httprequest","authentication":{"type":"Raw","value":"@json(decodeBase64(triggerOutputs().headers['X-MS-APIM-Tokens']))['$ConnectionKey']"}}},"Results":{"runAfter":{"SendBatch":["Succeeded"]},"metadata":{"operationMetadataId":"f853f8f0-fb0e-43e2-9de2-68b94f2c1d59"},"type":"Compose","inputs":"@base64ToString(body('sendBatch')['$content'])"}},"runAfter":{"batchTemplate":["Succeeded"]},"expression":"@equals(variables('LoopControl'), 0)","limit":{"count":60,"timeout":"PT1H"},"metadata":{"operationMetadataId":"0ebb176a-239b-444e-bec8-a2daffd43231"},"type":"Until"},"GenerateSPData":{"runAfter":{"Compose_2":["Succeeded"]},"metadata":{"operationMetadataId":"8e0aa7eb-8787-45a6-98b9-bbc770086e45"},"type":"Select","inputs":{"from":"@outputs('Compose_2')","select":{"__metadata":"@json(concat('{\"type\":\"SP.Data.', replace(replace(outputs('settings_2')['listName'], ' ', '_x0020_'), '_', '_x005f_'), 'ListItem\"}'))","field_0":"@split(item(), ',')?[0]","Title":"@split(item(), ',')?[0]","field_2":"@split(item(), ',')?[0]"}}},"Compose_2":{"runAfter":{"settings_2":["Succeeded"]},"metadata":{"operationMetadataId":"94cc2289-1267-43c2-9968-1edc75e2b6f6"},"type":"Compose","inputs":"@variables('varCreateNewItems')"}},"runAfter":{"Update_SP_Items_Scope":["Succeeded"]},"metadata":{"operationMetadataId":"2de064f3-ff1b-4395-9d5b-31444eb3f331"},"type":"Scope"},"Initialize_variable":{"runAfter":{"CSV":["Succeeded"]},"metadata":{"operationMetadataId":"ef48ce08-b7ca-4555-b444-5f77772b9a2d"},"type":"InitializeVariable","inputs":{"variables":[{"name":"varFilteredArray","type":"array","value":[]}]}},"Filter_Array":{"foreach":"@outputs('Compose_3')","actions":{"Condition_3":{"actions":{},"runAfter":{},"else":{"actions":{"Append_to_array_variable_2":{"runAfter":{},"metadata":{"operationMetadataId":"cbc33230-4202-4c03-b2f7-a4d1c46f981e"},"type":"AppendToArrayVariable","inputs":{"name":"varFilteredArray","value":"@items('Filter_Array')"}}}},"expression":{"equals":["@items('Filter_Array')",""]},"metadata":{"operationMetadataId":"151e8670-d314-4fb1-8356-cdc9c3bbcfb8"},"type":"If"}},"runAfter":{"Compose_3":["Succeeded"]},"metadata":{"operationMetadataId":"0383c825-9fe3-46c7-ade3-845388c6ace5"},"type":"Foreach"},"Initialize_variable_2":{"runAfter":{"Initialize_variable_GetItems":["Succeeded"]},"metadata":{"operationMetadataId":"cf3bce83-22ea-4a35-9b34-c1cb56ae3844"},"type":"InitializeVariable","inputs":{"variables":[{"name":"varCreateNewItems","type":"array","value":[]}]}},"Update_SP_Items_Scope":{"actions":{"Apply_to_each":{"foreach":"@variables('varFilteredArray')","actions":{"Get_items_2":{"runAfter":{},"metadata":{"operationMetadataId":"62ec133c-f107-44bf-88ba-cec93468944c","flowSystemMetadata":{"swaggerOperationId":"GetItems"}},"type":"ApiConnection","inputs":{"host":{"connection":{"name":"@json(decodeBase64(triggerOutputs().headers['X-MS-APIM-Tokens']))['$connections']['shared_sharepointonline_1']['connectionId']"},"api":{"runtimeUrl":"https://flow-apim-europe-002-northeurope-01.azure-apim.net/apim/sharepointonline"}},"method":"get","path":"/datasets/@{encodeURIComponent(encodeURIComponent('https://eu001-sp.shell.com/sites/SPO003485'))}/tables/@{encodeURIComponent(encodeURIComponent('bf6d31c4-db6a-40c0-a284-51ab7d3e9551'))}/items","queries":{"$filter":"ID eq '@{split(item(), ',')?[1]}'"},"authentication":{"type":"Raw","value":"@json(decodeBase64(triggerOutputs().headers['X-MS-APIM-Tokens']))['$ConnectionKey']"}}},"Condition_2":{"actions":{"Append_to_array_variable_3":{"runAfter":{},"metadata":{"operationMetadataId":"d137b649-f5ed-4f0b-b646-66851abd3909"},"type":"AppendToArrayVariable","inputs":{"name":"varCreateNewItems","value":"@items('Apply_to_each')"}}},"runAfter":{"Get_items_2":["Succeeded"]},"else":{"actions":{"Apply_to_each_Array":{"foreach":"@body('Get_items_2')?['value']","actions":{"Append_to_array_variable":{"runAfter":{},"metadata":{"operationMetadataId":"d4ec5f53-6038-47d0-9377-dd13007d9d66"},"type":"AppendToArrayVariable","inputs":{"name":"GetItems","value":{"__metadata":"@json(concat('{\"type\":\"SP.Data.', replace(replace(outputs('settings')['listName'], ' ', '_x0020_'), '_', '_x005f_'), 'ListItem\"}'))","ID":"@{items('Apply_to_each_Array')?['ID']}","field_2":"TESTNEW_UPDATEBATCH11182024","field_0":"customer"}}}},"runAfter":{},"metadata":{"operationMetadataId":"57f40a5a-b67e-4769-ad2b-e561d248e0f8"},"type":"Foreach","runtimeConfiguration":{"concurrency":{"repetitions":50}}}}},"expression":{"equals":["@length(body('Get_items_2')?['value'])",0]},"metadata":{"operationMetadataId":"ac6cf8b6-f608-4918-876c-c8b4d85c00b6"},"type":"If"}},"runAfter":{},"metadata":{"operationMetadataId":"4640d5d4-c060-4163-9294-395c1a2b2adc"},"type":"Foreach","runtimeConfiguration":{"concurrency":{"repetitions":50}}},"Compose":{"runAfter":{"Apply_to_each":["Succeeded"]},"metadata":{"operationMetadataId":"97f8d3c8-cc38-4699-aca7-429508750814"},"type":"Compose","inputs":"@variables('GetItems')"},"Filter_array_2":{"runAfter":{"Compose":["Succeeded"]},"metadata":{"operationMetadataId":"73649f2b-ee22-4dd2-8107-c41f25d06bed"},"type":"Query","inputs":{"from":"@outputs('Compose')","where":"@equals(empty(item()), false)"}},"Condition":{"actions":{},"runAfter":{"Filter_array_2":["Succeeded"]},"else":{"actions":{"Do_until_2":{"actions":{"LoopControl":{"runAfter":{"ReplaceRows":["Succeeded"]},"metadata":{"operationMetadataId":"e066faab-852b-4b8d-8414-1a8b101872c2"},"type":"SetVariable","inputs":{"name":"LoopControl","value":"@length(body('ReplaceRows'))"},"description":"length(body('ReplaceRows'))"},"batchData_2":{"runAfter":{"LoopControl":["Succeeded"]},"metadata":{"operationMetadataId":"906b239f-9bf9-47ec-bc61-42a7e24c0966"},"type":"Compose","inputs":"@join(body('ReplaceRows'), decodeUriComponent('%0A'))","description":"join(body('ReplaceRows'), decodeUriComponent('%0A'))"},"SendBatchNew":{"runAfter":{"batchData_2":["Succeeded"]},"limit":{"timeout":"P1D"},"metadata":{"flowSystemMetadata":{"swaggerOperationId":"HttpRequest"},"operationMetadataId":"8f21428d-a5bd-4010-bfdc-3c3244c77ea2"},"type":"ApiConnection","inputs":{"host":{"connection":{"name":"@json(decodeBase64(triggerOutputs().headers['X-MS-APIM-Tokens']))['$connections']['shared_sharepointonline_1']['connectionId']"},"api":{"runtimeUrl":"https://flow-apim-europe-002-northeurope-01.azure-apim.net/apim/sharepointonline"}},"method":"post","body":{"method":"POST","uri":"/_api/$batch","headers":{"X-RequestDigest":"digest","Content-Type":"multipart/mixed;boundary=batch_@{actions('settings')?['trackedProperties']['batchGUID']}"},"body":"--batch_@{actions('settings')?['trackedProperties']['batchGUID']}\nContent-Type: multipart/mixed; boundary=\"changeset_@{actions('settings')?['trackedProperties']['changeSetGUID']}\"\nContent-Length: @{length(outputs('batchData_2'))}\nContent-Transfer-Encoding: binary\n\n@{outputs('batchData_2')}\n--changeset_@{actions('settings')?['trackedProperties']['changeSetGUID']}--\n\n--batch_@{actions('settings')?['trackedProperties']['batchGUID']}--"},"path":"/datasets/@{encodeURIComponent(encodeURIComponent('https://eu001-sp.shell.com/sites/SPO003485'))}/httprequest","authentication":{"type":"Raw","value":"@json(decodeBase64(triggerOutputs().headers['X-MS-APIM-Tokens']))['$ConnectionKey']"}}},"Results_2":{"runAfter":{"SendBatchNew":["Succeeded"]},"metadata":{"operationMetadataId":"a32e0cfa-7777-42ef-bcb0-5b5bbbbbad5d"},"type":"Compose","inputs":"@base64ToString(body('SendBatchNew')['$content'])"},"ReplaceRows":{"runAfter":{},"metadata":{"operationMetadataId":"186a1bc7-c789-48ec-ae3a-66a1de55cadb"},"type":"Select","inputs":{"from":"@take(skip(body('Filter_array_2'), mul(outputs('settings')['batchSize'], iterationIndexes('Do_until_2'))), outputs('settings')['batchSize'])","select":"@replace(replace(outputs('Template'), '|RowData|', string(item())), '|ID|', string(item()['ID']))"},"description":"From: take(skip(body('Filter_array'), mul(outputs('settings')['batchSize'], iterationIndexes('Do_until'))), outputs('settings')['batchSize'])"}},"runAfter":{"Template":["Succeeded"]},"expression":"@equals(variables('LoopControl'), 0)","limit":{"count":60,"timeout":"PT1H"},"metadata":{"operationMetadataId":"10fdb9c5-51f4-46bb-b927-727d7b2e5264"},"type":"Until","description":"iterates through all of the JSON data in batches until no more remains"},"Template":{"runAfter":{},"metadata":{"operationMetadataId":"47a1925b-c707-45a0-8535-af6a0c6948ca"},"type":"Compose","inputs":"--changeset_@{actions('settings')?['trackedProperties']['changeSetGUID']}\nContent-Type: application/http\nContent-Transfer-Encoding: binary\n\nPATCH @{outputs('settings')['siteAddress']}_api/web/lists/getByTitle('@{outputs('settings')['listName']}')/items('|ID|') HTTP/1.1\nContent-Type: application/json;odata=verbose\nIf-Match: *\n\n|RowData|\n"}}},"expression":{"equals":[0,"@length(body('Filter_array_2'))"]},"metadata":{"operationMetadataId":"1e8453a3-f768-4d58-81ac-72199874c18b"},"type":"If"}},"runAfter":{"Get_items":["Succeeded"]},"metadata":{"operationMetadataId":"4da6f4a7-3f42-4b30-934a-34bcdd8e3d85"},"type":"Scope"}}},"connectionReferences":{"shared_sharepointonline":{"connectionName":"268da2cc96c143729b256cd7049e873b","source":"Invoker","id":"/providers/Microsoft.PowerApps/apis/shared_sharepointonline","tier":"NotSpecified"},"shared_sharepointonline_1":{"connectionName":"268da2cc96c143729b256cd7049e873b","source":"Invoker","id":"/providers/Microsoft.PowerApps/apis/shared_sharepointonline","tier":"NotSpecified"}},"flowFailureAlertSubscribed":false,"isManaged":false}}